ID,ItemLotNumber,ItemNumber,ItemName,Specification,Unit,Number,UnitPrice,TotalPrice,Remark,InboundDate,SupplyDepartment,ContactNumber,Sender,InboundManager
1,P00001,M0001,Pen,A,unit,6,1,6,,2022/10/26,PTE1,10086,Dr.Xu,Dr.Zhihong
2,P00002,M0001,Pen,B,unit,5,2,10,,2022/10/26,PTE2,10010,Dr.Xu,Dr.Zhihong
3,P00003,M0001,Pen,A,unit,4,1,4,,2022/10/26,PTE2,10010,Dr.Xu,Dr.Zhihong
4,P00004,F00001,Apple,A,kg,30,1,30,,2022/10/26,PTE1,10086,Dr.Xu,Dr.Zhihong
5,P00005,F00001,Apple,A,kg,24,1,24,,2022/10/26,PTE2,10010,Dr.Xu,Dr.Zhihong
6,P00006,F00001,Apple,B,kg,22,2,44,,2022/10/26,PTE2,10010,Dr.Xu,Dr.Zhihong
7,P00007,F00002,Pineapple,A,kg,80,1,80,,2022/10/26,PTE2,10010,Dr.Xu,Dr.Zhihong
