ID,SupplierLotNumber,ItemNumber,ItemName,Specifications,Number,Unit,UnitPrice,TotalPrice,Supplier,PurchaseDate,EstimatedArrivalDate,ActualArrivalDate
1,SP100001,M0001,Pen,A,6,unit,1,6,PTE1,2022/10/26,2022/10/26,2022/10/26
2,SP200005,M0001,Pen,B,5,unit,2,10,PTE2,2022/10/26,2022/10/26,2022/10/26
3,,M0001,Pen,A,4,unit,1,4,PTE2,2022/10/26,2022/10/26,2022/10/26
4,,F00001,Apple,A,30,kg,1,30,PTE1,2022/10/26,2022/10/26,2022/10/26
5,,F00001,Apple,A,24,kg,1,24,PTE2,2022/10/26,2022/10/26,2022/10/26
6,,F00001,Apple,B,22,kg,2,44,PTE2,2022/10/26,2022/10/26,2022/10/26
7,,F00002,Pineapple,A,80,kg,1,80,PTE2,2022/10/26,2022/10/26,2022/10/26
